{
    "QuickServiceRestaurant": {
        "2019::QuickServiceRestaurant::Dining": 0.5,
        "2019::QuickServiceRestaurant::Kitchen": 0.5
    },
    "PrimarySchool": {
        "2019::PrimarySchool::Classroom": 0.479406,
        "2019::PrimarySchool::Lobby": 0.024887,
        "2019::PrimarySchool::Library": 0.05807,
        "2019::PrimarySchool::Gym": 0.051958,
        "2019::PrimarySchool::Kitchen": 0.024451,
        "2019::PrimarySchool::Corridor": 0.163295,
        "2019::PrimarySchool::ComputerRoom": 0.023577,
        "2019::PrimarySchool::Mechanical": 0.036676,
        "2019::PrimarySchool::Cafeteria": 0.045845,
        "2019::PrimarySchool::Office": 0.064183,
        "2019::PrimarySchool::Restroom": 0.027652
    },
    "Hospital": {
        "2019::Hospital::OR": 0.027329,
        "2019::Hospital::ER_Exam": 0.009938,
        "2019::Hospital::NurseStn": 0.172257,
        "2019::Hospital::Corridor": 0.17412,
        "2019::Hospital::ER_Triage": 0.004969,
        "2019::Hospital::PhysTherapy": 0.021739,
        "2019::Hospital::Office": 0.028568,
        "2019::Hospital::Basement": 0.166667,
        "2019::Hospital::ICU_Open": 0.027543,
        "2019::Hospital::Kitchen": 0.041408,
        "2019::Hospital::ICU_PatRm": 0.011491,
        "2019::Hospital::ER_Trauma": 0.002484,
        "2019::Hospital::ER_NurseStn": 0.055072,
        "2019::Hospital::PatRoom": 0.084475,
        "2019::Hospital::Dining": 0.031056,
        "2019::Hospital::Lobby": 0.065734,
        "2019::Hospital::Radiology": 0.021739,
        "2019::Hospital::Lab": 0.023602,
        "2019::Hospital::ICU_NurseStn": 0.029808
    },
    "Warehouse": {
        "2019::Warehouse::Bulk": 0.662824,
        "2019::Warehouse::Fine": 0.288184,
        "2019::Warehouse::Office": 0.048991
    },
    "LargeHotel": {
        "2019::LargeHotel::GuestRoom": 0.064296,
        "2019::LargeHotel::GuestRoom3": 0.008037,
        "2019::LargeHotel::Laundry": 0.008037,
        "2019::LargeHotel::Banquet": 0.068313,
        "2019::LargeHotel::Kitchen": 0.010639,
        "2019::LargeHotel::Lobby": 0.134726,
        "2019::LargeHotel::Retail": 0.006907,
        "2019::LargeHotel::Basement": 0.203793,
        "2019::LargeHotel::Corridor": 0.042443,
        "2019::LargeHotel::GuestRoom2": 0.383948,
        "2019::LargeHotel::GuestRoom4": 0.022737,
        "2019::LargeHotel::Cafe": 0.01945,
        "2019::LargeHotel::Mechanical": 0.016915,
        "2019::LargeHotel::Storage": 0.009759
    },
    "LargeDataCenterHighITE": {
        "2019::LargeDataCenterHighITE::StandaloneDataCenter": 1.0
    },
    "MediumOffice": {
        "2019::MediumOffice::OpenOffice": 0.425549,
        "2019::MediumOffice::Conference": 0.051911,
        "2019::MediumOffice::Stair": 0.036979,
        "2019::MediumOffice::Corridor": 0.089647,
        "2019::MediumOffice::ClosedOffice": 0.186644,
        "2019::MediumOffice::Storage": 0.068569,
        "2019::MediumOffice::Lobby": 0.054962,
        "2019::MediumOffice::Elec/MechRoom": 0.029992,
        "2019::MediumOffice::Dining": 0.013815,
        "2019::MediumOffice::Restroom": 0.035951,
        "2019::MediumOffice::Classroom": 0.005979
    },
    "LargeDataCenterLowITE": {
        "2019::LargeDataCenterLowITE::StandaloneDataCenter": 1.0
    },
    "Courthouse": {
        "2019::Courthouse::Library": 0.030155,
        "2019::Courthouse::Office": 0.192899,
        "2019::Courthouse::Restrooms": 0.03999,
        "2019::Courthouse::Courtroom": 0.113749,
        "2019::Courthouse::Security Screening": 0.013231,
        "2019::Courthouse::Corridor": 0.082882,
        "2019::Courthouse::Entrance Lobby": 0.029918,
        "2019::Courthouse::Elevator Lobby": 0.008531,
        "2019::Courthouse::Parking": 0.108328,
        "2019::Courthouse::Storage": 0.088155,
        "2019::Courthouse::Elevator Shaft": 0.00474,
        "2019::Courthouse::Jury Deliberation": 0.01333,
        "2019::Courthouse::Conference": 0.020291,
        "2019::Courthouse::Jury Assembly": 0.035546,
        "2019::Courthouse::Courtroom Waiting": 0.05095,
        "2019::Courthouse::Service Shaft": 0.001896,
        "2019::Courthouse::Break Room": 0.006665,
        "2019::Courthouse::Utility": 0.048432,
        "2019::Courthouse::Stairs": 0.011138,
        "2019::Courthouse::Cell": 0.073107,
        "2019::Courthouse::Judges Chamber": 0.026067
    },
    "SuperMarket": {
        "2019::SuperMarket::Deli": 0.053745,
        "2019::SuperMarket::Sales": 0.549434,
        "2019::SuperMarket::Meeting": 0.011112,
        "2019::SuperMarket::Produce": 0.170148,
        "2019::SuperMarket::Vestibule": 0.006666,
        "2019::SuperMarket::Office": 0.006658,
        "2019::SuperMarket::DryStorage": 0.100977,
        "2019::SuperMarket::Restroom": 0.014999,
        "2019::SuperMarket::Bakery": 0.049998,
        "2019::SuperMarket::Corridor": 0.011819,
        "2019::SuperMarket::Elec/MechRoom": 0.013332,
        "2019::SuperMarket::Dining": 0.011112
    },
    "HighriseApartment": {
        "2019::HighriseApartment::Apartment": 0.88964,
        "2019::HighriseApartment::Corridor": 0.099099,
        "2019::HighriseApartment::Office": 0.011261
    },
    "LargeOffice": {
        "2019::LargeOffice::BreakRoom": 0.005145,
        "2019::LargeOffice::OpenOffice": 0.559276,
        "2019::LargeOffice::ClosedOffice": 0.181413,
        "2019::LargeOffice::Corridor": 0.046408,
        "2019::LargeOffice::Storage": 0.017834,
        "2019::LargeOffice::Stair": 0.016896,
        "2019::LargeOffice::Lobby": 0.027539,
        "2019::LargeOffice::Conference": 0.014534,
        "2019::LargeOffice::Restroom": 0.03005,
        "2019::LargeOffice::Dining": 0.015771,
        "2019::LargeOffice::OfficeLarge Data Center": 0.009435,
        "2019::LargeOffice::Elec/MechRoom": 0.054835,
        "2019::LargeOffice::Classroom": 0.003945,
        "2019::LargeOffice::OfficeLarge Main Data Center": 0.016919
    },
    "FullServiceRestaurant": {
        "2019::FullServiceRestaurant::Kitchen": 0.272727,
        "2019::FullServiceRestaurant::Dining": 0.727273
    },
    "SmallHotel": {
        "2019::SmallHotel::Mechanical": 0.008125,
        "2019::SmallHotel::GuestRoomVac": 0.223127,
        "2019::SmallHotel::GuestRoomOcc": 0.40812,
        "2019::SmallHotel::ElevatorCore": 0.01125,
        "2019::SmallHotel::Stair": 0.040003,
        "2019::SmallHotel::Corridor": 0.131246,
        "2019::SmallHotel::Storage": 0.032505,
        "2019::SmallHotel::Elec/MechRoom": 0.00375,
        "2019::SmallHotel::GuestLounge": 0.040626,
        "2019::SmallHotel::Office": 0.032499,
        "2019::SmallHotel::Exercise": 0.008125,
        "2019::SmallHotel::PublicRestroom": 0.008125,
        "2019::SmallHotel::Laundry": 0.024374,
        "2019::SmallHotel::Meeting": 0.020001,
        "2019::SmallHotel::StaffLounge": 0.008125
    },
    "Retail": {
        "2019::Retail::Core_Retail": 0.697684,
        "2019::Retail::Back_Space": 0.165602,
        "2019::Retail::Front_Retail": 0.065741,
        "2019::Retail::Point_of_Sale": 0.065741,
        "2019::Retail::Entry": 0.005231
    },
    "SmallOffice": {
        "2019::SmallOffice::Corridor": 0.121281,
        "2019::SmallOffice::Conference": 0.081788,
        "2019::SmallOffice::ClosedOffice": 0.332547,
        "2019::SmallOffice::Lobby": 0.081774,
        "2019::SmallOffice::Stair": 0.020098,
        "2019::SmallOffice::Storage": 0.136329,
        "2019::SmallOffice::OpenOffice": 0.16589,
        "2019::SmallOffice::Elec/MechRoom": 0.020098,
        "2019::SmallOffice::Restroom": 0.040196
    },
    "SmallDataCenterLowITE": {
        "2019::SmallDataCenterLowITE::ComputerRoom": 1.0
    },
    "Outpatient": {
        "2019::Outpatient::CleanWork": 0.00742,
        "2019::Outpatient::Exam": 0.107425,
        "2019::Outpatient::Reception": 0.038069,
        "2019::Outpatient::DressingRoom": 0.002218,
        "2019::Outpatient::PreOp": 0.013438,
        "2019::Outpatient::Janitor": 0.070172,
        "2019::Outpatient::Office": 0.190882,